count,date
33141,2014-01-01
58431,2014-01-02
61279,2014-01-03
45714,2014-01-04
46093,2014-01-05
63649,2014-01-06
72053,2014-01-07
72890,2014-01-08
72184,2014-01-09
66945,2014-01-10
45708,2014-01-11
46602,2014-01-12
70765,2014-01-13
73698,2014-01-14
75700,2014-01-15
75647,2014-01-16
68321,2014-01-17
47194,2014-01-18
48995,2014-01-19
69067,2014-01-20
75391,2014-01-21
74891,2014-01-22
75244,2014-01-23
69886,2014-01-24
52319,2014-01-25
52613,2014-01-26
73179,2014-01-27
83405,2014-01-28
87604,2014-01-29
76269,2014-01-30
78407,2014-01-31
47775,2014-02-01
48820,2014-02-02
69589,2014-02-03
75667,2014-02-04
79016,2014-02-05
77768,2014-02-06
74840,2014-02-07
51856,2014-02-08
58192,2014-02-09
80235,2014-02-10
82280,2014-02-11
81802,2014-02-12
80355,2014-02-13
81109,2014-02-14
50570,2014-02-15
54171,2014-02-16
77241,2014-02-17
83227,2014-02-18
82576,2014-02-19
81266,2014-02-20
78106,2014-02-21
54304,2014-02-22
55262,2014-02-23
79560,2014-02-24
81076,2014-02-25
81986,2014-02-26
82902,2014-02-27
80185,2014-02-28
51000,2014-03-01
54392,2014-03-02
82081,2014-03-03
86868,2014-03-04
85538,2014-03-05
82824,2014-03-06
82701,2014-03-07
53167,2014-03-08
50080,2014-03-09
79565,2014-03-10
82281,2014-03-11
83926,2014-03-12
84716,2014-03-13
79241,2014-03-14
56131,2014-03-15
53750,2014-03-16
84085,2014-03-17
85357,2014-03-18
83107,2014-03-19
86074,2014-03-20
79500,2014-03-21
51129,2014-03-22
54833,2014-03-23
84173,2014-03-24
85000,2014-03-25
86340,2014-03-26
86898,2014-03-27
80277,2014-03-28
50457,2014-03-29
52595,2014-03-30
79376,2014-03-31
82207,2014-04-01
83007,2014-04-02
83787,2014-04-03
80959,2014-04-04
48946,2014-04-05
52603,2014-04-06
81374,2014-04-07
83969,2014-04-08
83513,2014-04-09
82168,2014-04-10
77513,2014-04-11
52162,2014-04-12
54727,2014-04-13
84878,2014-04-14
85693,2014-04-15
88995,2014-04-16
83011,2014-04-17
69931,2014-04-18
49288,2014-04-19
47626,2014-04-20
71473,2014-04-21
88700,2014-04-22
86509,2014-04-23
86192,2014-04-24
79112,2014-04-25
53704,2014-04-26
57599,2014-04-27
82598,2014-04-28
84950,2014-04-29
91623,2014-04-30
76593,2014-05-01
73796,2014-05-02
49059,2014-05-03
54171,2014-05-04
78452,2014-05-05
87092,2014-05-06
86864,2014-05-07
84587,2014-05-08
79549,2014-05-09
52260,2014-05-10
53344,2014-05-11
81698,2014-05-12
88280,2014-05-13
87042,2014-05-14
87837,2014-05-15
80848,2014-05-16
52942,2014-05-17
54021,2014-05-18
84915,2014-05-19
92939,2014-05-20
90349,2014-05-21
85586,2014-05-22
82816,2014-05-23
48954,2014-05-24
52490,2014-05-25
76900,2014-05-26
87448,2014-05-27
90684,2014-05-28
78633,2014-05-29
81646,2014-05-30
51554,2014-05-31
50941,2014-06-01
78059,2014-06-02
83391,2014-06-03
89134,2014-06-04
83974,2014-06-05
80836,2014-06-06
47499,2014-06-07
49110,2014-06-08
76577,2014-06-09
87329,2014-06-10
88356,2014-06-11
83699,2014-06-12
78070,2014-06-13
47801,2014-06-14
50622,2014-06-15
79576,2014-06-16
84139,2014-06-17
91267,2014-06-18
81822,2014-06-19
77014,2014-06-20
46008,2014-06-21
49727,2014-06-22
80908,2014-06-23
85064,2014-06-24
86424,2014-06-25
83138,2014-06-26
79734,2014-06-27
45532,2014-06-28
53691,2014-06-29
77894,2014-06-30
81759,2014-07-01
83872,2014-07-02
82081,2014-07-03
65142,2014-07-04
42663,2014-07-05
52114,2014-07-06
80985,2014-07-07
85040,2014-07-08
84326,2014-07-09
84989,2014-07-10
78670,2014-07-11
49260,2014-07-12
48195,2014-07-13
79407,2014-07-14
83443,2014-07-15
84920,2014-07-16
85968,2014-07-17
80539,2014-07-18
47640,2014-07-19
47712,2014-07-20
82853,2014-07-21
88336,2014-07-22
85619,2014-07-23
85280,2014-07-24
80020,2014-07-25
49132,2014-07-26
51615,2014-07-27
82991,2014-07-28
89855,2014-07-29
90708,2014-07-30
88542,2014-07-31
79208,2014-08-01
49138,2014-08-02
51714,2014-08-03
82506,2014-08-04
86858,2014-08-05
90356,2014-08-06
88691,2014-08-07
82466,2014-08-08
50398,2014-08-09
51658,2014-08-10
84965,2014-08-11
91315,2014-08-12
91377,2014-08-13
94312,2014-08-14
83121,2014-08-15
51629,2014-08-16
55773,2014-08-17
85423,2014-08-18
90285,2014-08-19
92713,2014-08-20
91486,2014-08-21
90146,2014-08-22
58308,2014-08-23
57229,2014-08-24
83669,2014-08-25
91062,2014-08-26
93387,2014-08-27
88224,2014-08-28
86394,2014-08-29
57013,2014-08-30
60021,2014-08-31
75184,2014-09-01
86781,2014-09-02
210694,2014-09-03
89039,2014-09-04
84859,2014-09-05
58685,2014-09-06
62705,2014-09-07
92292,2014-09-08
89597,2014-09-09
88649,2014-09-10
90532,2014-09-11
82834,2014-09-12
58073,2014-09-13
61547,2014-09-14
93435,2014-09-15
96811,2014-09-16
89493,2014-09-17
90882,2014-09-18
84212,2014-09-19
53306,2014-09-20
58669,2014-09-21
87005,2014-09-22
92379,2014-09-23
93534,2014-09-24
91590,2014-09-25
84628,2014-09-26
56335,2014-09-27
57202,2014-09-28
86283,2014-09-29
93083,2014-09-30
97602,2014-10-01
92993,2014-10-02
88163,2014-10-03
51455,2014-10-04
56097,2014-10-05
87386,2014-10-06
90417,2014-10-07
91734,2014-10-08
91923,2014-10-09
94419,2014-10-10
56265,2014-10-11
57412,2014-10-12
88847,2014-10-13
97516,2014-10-14
93812,2014-10-15
97841,2014-10-16
85282,2014-10-17
56038,2014-10-18
59943,2014-10-19
98562,2014-10-20
101403,2014-10-21
99927,2014-10-22
98176,2014-10-23
88831,2014-10-24
56568,2014-10-25
66116,2014-10-26
91347,2014-10-27
97171,2014-10-28
101137,2014-10-29
97423,2014-10-30
92071,2014-10-31
63362,2014-11-01
63184,2014-11-02
92480,2014-11-03
94970,2014-11-04
97018,2014-11-05
97135,2014-11-06
91185,2014-11-07
61917,2014-11-08
63492,2014-11-09
91644,2014-11-10
94855,2014-11-11
97860,2014-11-12
101985,2014-11-13
95287,2014-11-14
62390,2014-11-15
70615,2014-11-16
96466,2014-11-17
103004,2014-11-18
101093,2014-11-19
100739,2014-11-20
94010,2014-11-21
65827,2014-11-22
66269,2014-11-23
96094,2014-11-24
100373,2014-11-25
100566,2014-11-26
88558,2014-11-27
76759,2014-11-28
57751,2014-11-29
62008,2014-11-30
93103,2014-12-01
102102,2014-12-02
101770,2014-12-03
99399,2014-12-04
99252,2014-12-05
65185,2014-12-06
68379,2014-12-07
101279,2014-12-08
104940,2014-12-09
102111,2014-12-10
102601,2014-12-11
94270,2014-12-12
59533,2014-12-13
61406,2014-12-14
97281,2014-12-15
102252,2014-12-16
97069,2014-12-17
94222,2014-12-18
85777,2014-12-19
56699,2014-12-20
54589,2014-12-21
79792,2014-12-22
79485,2014-12-23
55844,2014-12-24
40654,2014-12-25
52248,2014-12-26
50301,2014-12-27
53414,2014-12-28
71663,2014-12-29
73747,2014-12-30
61099,2014-12-31
47264,2015-01-01
71925,2015-01-02
61794,2015-01-03
64149,2015-01-04
89582,2015-01-05
94562,2015-01-06
95188,2015-01-07
98665,2015-01-08
92408,2015-01-09
63086,2015-01-10
68308,2015-01-11
98676,2015-01-12
101093,2015-01-13
104272,2015-01-14
103182,2015-01-15
98209,2015-01-16
66663,2015-01-17
68130,2015-01-18
95220,2015-01-19
102730,2015-01-20
103014,2015-01-21
103144,2015-01-22
100271,2015-01-23
74134,2015-01-24
78380,2015-01-25
100055,2015-01-26
106024,2015-01-27
108484,2015-01-28
104039,2015-01-29
99195,2015-01-30
70747,2015-01-31
70641,2015-02-01
107878,2015-02-02
107305,2015-02-03
107980,2015-02-04
109498,2015-02-05
102811,2015-02-06
71076,2015-02-07
77347,2015-02-08
107600,2015-02-09
110327,2015-02-10
111219,2015-02-11
110566,2015-02-12
104691,2015-02-13
65222,2015-02-14
70030,2015-02-15
101937,2015-02-16
112912,2015-02-17
110264,2015-02-18
109944,2015-02-19
104310,2015-02-20
74925,2015-02-21
80658,2015-02-22
111786,2015-02-23
116952,2015-02-24
118722,2015-02-25
117839,2015-02-26
108908,2015-02-27
76183,2015-02-28
80211,2015-03-01
115921,2015-03-02
120368,2015-03-03
178013,2015-03-04
118335,2015-03-05
124798,2015-03-06
77339,2015-03-07
80782,2015-03-08
112506,2015-03-09
117038,2015-03-10
120376,2015-03-11
118665,2015-03-12
111137,2015-03-13
74907,2015-03-14
80059,2015-03-15
116407,2015-03-16
120850,2015-03-17
118528,2015-03-18
117123,2015-03-19
111794,2015-03-20
72092,2015-03-21
78135,2015-03-22
115613,2015-03-23
118772,2015-03-24
125637,2015-03-25
117498,2015-03-26
109508,2015-03-27
73221,2015-03-28
75761,2015-03-29
112139,2015-03-30
117865,2015-03-31
114263,2015-04-01
110015,2015-04-02
100685,2015-04-03
70337,2015-04-04
68566,2015-04-05
94064,2015-04-06
115356,2015-04-07
153693,2015-04-08
121250,2015-04-09
108822,2015-04-10
76253,2015-04-11
76240,2015-04-12
109647,2015-04-13
118578,2015-04-14
114742,2015-04-15
114662,2015-04-16
109328,2015-04-17
73731,2015-04-18
81314,2015-04-19
117050,2015-04-20
116880,2015-04-21
119093,2015-04-22
115869,2015-04-23
108647,2015-04-24
69694,2015-04-25
76369,2015-04-26
112609,2015-04-27
122499,2015-04-28
119856,2015-04-29
204308,2015-04-30
101262,2015-05-01
71474,2015-05-02
73827,2015-05-03
111376,2015-05-04
117926,2015-05-05
123489,2015-05-06
117176,2015-05-07
108342,2015-05-08
71920,2015-05-09
74165,2015-05-10
114566,2015-05-11
122333,2015-05-12
121238,2015-05-13
111754,2015-05-14
111743,2015-05-15
71098,2015-05-16
73362,2015-05-17
112177,2015-05-18
118323,2015-05-19
119788,2015-05-20
118843,2015-05-21
112283,2015-05-22
68524,2015-05-23
68273,2015-05-24
92857,2015-05-25
116798,2015-05-26
119862,2015-05-27
115994,2015-05-28
111010,2015-05-29
70072,2015-05-30
82083,2015-05-31
114573,2015-06-01
118386,2015-06-02
117797,2015-06-03
113470,2015-06-04
106905,2015-06-05
68157,2015-06-06
70324,2015-06-07
109118,2015-06-08
119671,2015-06-09
116568,2015-06-10
113706,2015-06-11
105611,2015-06-12
79184,2015-06-13
69679,2015-06-14
124093,2015-06-15
113939,2015-06-16
114980,2015-06-17
130096,2015-06-18
106666,2015-06-19
65658,2015-06-20
66931,2015-06-21
106710,2015-06-22
116283,2015-06-23
114471,2015-06-24
113022,2015-06-25
108733,2015-06-26
69637,2015-06-27
70169,2015-06-28
108148,2015-06-29
113183,2015-06-30
109736,2015-07-01
109279,2015-07-02
91945,2015-07-03
62451,2015-07-04
65459,2015-07-05
107980,2015-07-06
120210,2015-07-07
114445,2015-07-08
115670,2015-07-09
110599,2015-07-10
67884,2015-07-11
77717,2015-07-12
113295,2015-07-13
115909,2015-07-14
114055,2015-07-15
113260,2015-07-16
107923,2015-07-17
64674,2015-07-18
70156,2015-07-19
111919,2015-07-20
117808,2015-07-21
114783,2015-07-22
116078,2015-07-23
108309,2015-07-24
67354,2015-07-25
76917,2015-07-26
114839,2015-07-27
119666,2015-07-28
117900,2015-07-29
114294,2015-07-30
109829,2015-07-31
63496,2015-08-01
64521,2015-08-02
110471,2015-08-03
114837,2015-08-04
116268,2015-08-05
113384,2015-08-06
107586,2015-08-07
64498,2015-08-08
68781,2015-08-09
111936,2015-08-10
116211,2015-08-11
115440,2015-08-12
113860,2015-08-13
106714,2015-08-14
68874,2015-08-15
70714,2015-08-16
111065,2015-08-17
117767,2015-08-18
118851,2015-08-19
159524,2015-08-20
113326,2015-08-21
69485,2015-08-22
74847,2015-08-23
115938,2015-08-24
117541,2015-08-25
117650,2015-08-26
123809,2015-08-27
110076,2015-08-28
70130,2015-08-29
71873,2015-08-30
111319,2015-08-31
121781,2015-09-01
117041,2015-09-02
116090,2015-09-03
107694,2015-09-04
69615,2015-09-05
75608,2015-09-06
104372,2015-09-07
118138,2015-09-08
120096,2015-09-09
120985,2015-09-10
111521,2015-09-11
73553,2015-09-12
78909,2015-09-13
117716,2015-09-14
119965,2015-09-15
120753,2015-09-16
126482,2015-09-17
112561,2015-09-18
71140,2015-09-19
74899,2015-09-20
123459,2015-09-21
136891,2015-09-22
121183,2015-09-23
122287,2015-09-24
111701,2015-09-25
69083,2015-09-26
80636,2015-09-27
117055,2015-09-28
124970,2015-09-29
123558,2015-09-30
111655,2015-10-01
106014,2015-10-02
71162,2015-10-03
74360,2015-10-04
112071,2015-10-05
118623,2015-10-06
118492,2015-10-07
119176,2015-10-08
111409,2015-10-09
76973,2015-10-10
78663,2015-10-11
115413,2015-10-12
124856,2015-10-13
123660,2015-10-14
121210,2015-10-15
115821,2015-10-16
76035,2015-10-17
82336,2015-10-18
124532,2015-10-19
126133,2015-10-20
123417,2015-10-21
122546,2015-10-22
116900,2015-10-23
77047,2015-10-24
81472,2015-10-25
121198,2015-10-26
132130,2015-10-27
125284,2015-10-28
121323,2015-10-29
117685,2015-10-30
72824,2015-10-31
76069,2015-11-01
121948,2015-11-02
127175,2015-11-03
129882,2015-11-04
127578,2015-11-05
121140,2015-11-06
79926,2015-11-07
87894,2015-11-08
126283,2015-11-09
130053,2015-11-10
122952,2015-11-11
126645,2015-11-12
117266,2015-11-13
78187,2015-11-14
82178,2015-11-15
123452,2015-11-16
127556,2015-11-17
130313,2015-11-18
130984,2015-11-19
122739,2015-11-20
78431,2015-11-21
83057,2015-11-22
127353,2015-11-23
126755,2015-11-24
122773,2015-11-25
105951,2015-11-26
97124,2015-11-27
76104,2015-11-28
82188,2015-11-29
124797,2015-11-30
131118,2015-12-01
128501,2015-12-02
130985,2015-12-03
122138,2015-12-04
85815,2015-12-05
85101,2015-12-06
125667,2015-12-07
129365,2015-12-08
130460,2015-12-09
131886,2015-12-10
120631,2015-12-11
80165,2015-12-12
83093,2015-12-13
125045,2015-12-14
129153,2015-12-15
126803,2015-12-16
119663,2015-12-17
109481,2015-12-18
69896,2015-12-19
72991,2015-12-20
110845,2015-12-21
108859,2015-12-22
100986,2015-12-23
77689,2015-12-24
54769,2015-12-25
60660,2015-12-26
65492,2015-12-27
87076,2015-12-28
95144,2015-12-29
92262,2015-12-30
76176,2015-12-31
57073,2016-01-01
72196,2016-01-02
75507,2016-01-03
110358,2016-01-04
119143,2016-01-05
116210,2016-01-06
118482,2016-01-07
169433,2016-01-08
105169,2016-01-09
81868,2016-01-10
126173,2016-01-11
125050,2016-01-12
127652,2016-01-13
130604,2016-01-14
121004,2016-01-15
81459,2016-01-16
82792,2016-01-17
119025,2016-01-18
130665,2016-01-19
127584,2016-01-20
126796,2016-01-21
119235,2016-01-22
86963,2016-01-23
92570,2016-01-24
129762,2016-01-25
131513,2016-01-26
135423,2016-01-27
130615,2016-01-28
127520,2016-01-29
91721,2016-01-30
94698,2016-01-31
126820,2016-02-01
133236,2016-02-02
134373,2016-02-03
131022,2016-02-04
125506,2016-02-05
87031,2016-02-06
94244,2016-02-07
121222,2016-02-08
128102,2016-02-09
130251,2016-02-10
130580,2016-02-11
123311,2016-02-12
87354,2016-02-13
88822,2016-02-14
125141,2016-02-15
136513,2016-02-16
139454,2016-02-17
138425,2016-02-18
131778,2016-02-19
92780,2016-02-20
102211,2016-02-21
136852,2016-02-22
138679,2016-02-23
135659,2016-02-24
134976,2016-02-25
126860,2016-02-26
83409,2016-02-27
92666,2016-02-28
151494,2016-02-29
133927,2016-03-01
135152,2016-03-02
134100,2016-03-03
128515,2016-03-04
86561,2016-03-05
90284,2016-03-06
128069,2016-03-07
132683,2016-03-08
135213,2016-03-09
135025,2016-03-10
129880,2016-03-11
81909,2016-03-12
84710,2016-03-13
127054,2016-03-14
131696,2016-03-15
133114,2016-03-16
129733,2016-03-17
122611,2016-03-18
84255,2016-03-19
85015,2016-03-20
126151,2016-03-21
130408,2016-03-22
133237,2016-03-23
121908,2016-03-24
107827,2016-03-25
76663,2016-03-26
77760,2016-03-27
109242,2016-03-28
131546,2016-03-29
133345,2016-03-30
127978,2016-03-31
121168,2016-04-01
85936,2016-04-02
84740,2016-04-03
123031,2016-04-04
130130,2016-04-05
132737,2016-04-06
132840,2016-04-07
123392,2016-04-08
82635,2016-04-09
85295,2016-04-10
130763,2016-04-11
138743,2016-04-12
133903,2016-04-13
130106,2016-04-14
124062,2016-04-15
81797,2016-04-16
90068,2016-04-17
130594,2016-04-18
134599,2016-04-19
134930,2016-04-20
129504,2016-04-21
122186,2016-04-22
80781,2016-04-23
85481,2016-04-24
129296,2016-04-25
136562,2016-04-26
131701,2016-04-27
130370,2016-04-28
122570,2016-04-29
79294,2016-04-30
77549,2016-05-01
117536,2016-05-02
150680,2016-05-03
127350,2016-05-04
119457,2016-05-05
116631,2016-05-06
78378,2016-05-07
76187,2016-05-08
121368,2016-05-09
133066,2016-05-10
132744,2016-05-11
127683,2016-05-12
121637,2016-05-13
78503,2016-05-14
81422,2016-05-15
117619,2016-05-16
129902,2016-05-17
141789,2016-05-18
129485,2016-05-19
124842,2016-05-20
77406,2016-05-21
80744,2016-05-22
120364,2016-05-23
129481,2016-05-24
128760,2016-05-25
124042,2016-05-26
116211,2016-05-27
71447,2016-05-28
75370,2016-05-29
110793,2016-05-30
125284,2016-05-31
127408,2016-06-01
125096,2016-06-02
118616,2016-06-03
73294,2016-06-04
77180,2016-06-05
119698,2016-06-06
126458,2016-06-07
126683,2016-06-08
120589,2016-06-09
113209,2016-06-10
73233,2016-06-11
77877,2016-06-12
114861,2016-06-13
125211,2016-06-14
126913,2016-06-15
124199,2016-06-16
114655,2016-06-17
74206,2016-06-18
72880,2016-06-19
115185,2016-06-20
124257,2016-06-21
124174,2016-06-22
122192,2016-06-23
107849,2016-06-24
70708,2016-06-25
70785,2016-06-26
113242,2016-06-27
120647,2016-06-28
120664,2016-06-29
119192,2016-06-30
106963,2016-07-01
66892,2016-07-02
65562,2016-07-03
99390,2016-07-04
112064,2016-07-05
116297,2016-07-06
114722,2016-07-07
107209,2016-07-08
65417,2016-07-09
66251,2016-07-10
109351,2016-07-11
120527,2016-07-12
116556,2016-07-13
114748,2016-07-14
106606,2016-07-15
65603,2016-07-16
69382,2016-07-17
110224,2016-07-18
115130,2016-07-19
113908,2016-07-20
114684,2016-07-21
106860,2016-07-22
66778,2016-07-23
66135,2016-07-24
107083,2016-07-25
115540,2016-07-26
106091,2016-07-27
103927,2016-07-28
96523,2016-07-29
56372,2016-07-30
58372,2016-07-31
96933,2016-08-01
102829,2016-08-02
100967,2016-08-03
105825,2016-08-04
104413,2016-08-05
62689,2016-08-06
65773,2016-08-07
106851,2016-08-08
111906,2016-08-09
113336,2016-08-10
112902,2016-08-11
103257,2016-08-12
63735,2016-08-13
65458,2016-08-14
98811,2016-08-15
112519,2016-08-16
112121,2016-08-17
115943,2016-08-18
113546,2016-08-19
70364,2016-08-20
71165,2016-08-21
112490,2016-08-22
116420,2016-08-23
117286,2016-08-24
115387,2016-08-25
114222,2016-08-26
68751,2016-08-27
71417,2016-08-28
111345,2016-08-29
119774,2016-08-30
117461,2016-08-31
124450,2016-09-01
104063,2016-09-02
65545,2016-09-03
70061,2016-09-04
110090,2016-09-05
118595,2016-09-06
119405,2016-09-07
115601,2016-09-08
110856,2016-09-09
67898,2016-09-10
71727,2016-09-11
111647,2016-09-12
121311,2016-09-13
117433,2016-09-14
113011,2016-09-15
107133,2016-09-16
69876,2016-09-17
76861,2016-09-18
207539,2016-09-19
211907,2016-09-20
115586,2016-09-21
114577,2016-09-22
108476,2016-09-23
69383,2016-09-24
74402,2016-09-25
112116,2016-09-26
117427,2016-09-27
117981,2016-09-28
118991,2016-09-29
112222,2016-09-30
75117,2016-10-01
72906,2016-10-02
107800,2016-10-03
116034,2016-10-04
117316,2016-10-05
115254,2016-10-06
107448,2016-10-07
72432,2016-10-08
76784,2016-10-09
110522,2016-10-10
119741,2016-10-11
119751,2016-10-12
118099,2016-10-13
113115,2016-10-14
73671,2016-10-15
80561,2016-10-16
125105,2016-10-17
129188,2016-10-18
128512,2016-10-19
123334,2016-10-20
109494,2016-10-21
79920,2016-10-22
83321,2016-10-23
122993,2016-10-24
131497,2016-10-25
129198,2016-10-26
124429,2016-10-27
112867,2016-10-28
74637,2016-10-29
79427,2016-10-30
117486,2016-10-31
121302,2016-11-01
126222,2016-11-02
126317,2016-11-03
117295,2016-11-04
81645,2016-11-05
85645,2016-11-06
124080,2016-11-07
129317,2016-11-08
111609,2016-11-09
119155,2016-11-10
107225,2016-11-11
75818,2016-11-12
82806,2016-11-13
125930,2016-11-14
130239,2016-11-15
128174,2016-11-16
126007,2016-11-17
116300,2016-11-18
77548,2016-11-19
84942,2016-11-20
122578,2016-11-21
126893,2016-11-22
124738,2016-11-23
107507,2016-11-24
98181,2016-11-25
75813,2016-11-26
80099,2016-11-27
124269,2016-11-28
131038,2016-11-29
127829,2016-11-30
126982,2016-12-01
119518,2016-12-02
75970,2016-12-03
80522,2016-12-04
121174,2016-12-05
127706,2016-12-06
125967,2016-12-07
128137,2016-12-08
117651,2016-12-09
78974,2016-12-10
90882,2016-12-11
126016,2016-12-12
129544,2016-12-13
128731,2016-12-14
126021,2016-12-15
118642,2016-12-16
73489,2016-12-17
78138,2016-12-18
120337,2016-12-19
124447,2016-12-20
119749,2016-12-21
114376,2016-12-22
93417,2016-12-23
60717,2016-12-24
53888,2016-12-25
72759,2016-12-26
91326,2016-12-27
96846,2016-12-28
98411,2016-12-29
92818,2016-12-30
67512,2016-12-31
63456,2017-01-01
92893,2017-01-02
117040,2017-01-03
123662,2017-01-04
121671,2017-01-05
114940,2017-01-06
83090,2017-01-07
93893,2017-01-08
125326,2017-01-09
134202,2017-01-10
130338,2017-01-11
129583,2017-01-12
121092,2017-01-13
84258,2017-01-14
89433,2017-01-15
121649,2017-01-16
130872,2017-01-17
136124,2017-01-18
133758,2017-01-19
122623,2017-01-20
87673,2017-01-21
96641,2017-01-22
128802,2017-01-23
131772,2017-01-24
133356,2017-01-25
123212,2017-01-26
114953,2017-01-27
79578,2017-01-28
86420,2017-01-29
121705,2017-01-30
129225,2017-01-31
126556,2017-02-01
131286,2017-02-02
124143,2017-02-03
88791,2017-02-04
91020,2017-02-05
127166,2017-02-06
137594,2017-02-07
137727,2017-02-08
134871,2017-02-09
130450,2017-02-10
89486,2017-02-11
96622,2017-02-12
133135,2017-02-13
134498,2017-02-14
133964,2017-02-15
139425,2017-02-16
131641,2017-02-17
89920,2017-02-18
93986,2017-02-19
131653,2017-02-20
140788,2017-02-21
143426,2017-02-22
136914,2017-02-23
131230,2017-02-24
90745,2017-02-25
95062,2017-02-26
133871,2017-02-27
137251,2017-02-28
137950,2017-03-01
136591,2017-03-02
127809,2017-03-03
86803,2017-03-04
94917,2017-03-05
135391,2017-03-06
140659,2017-03-07
136428,2017-03-08
137962,2017-03-09
136395,2017-03-10
89428,2017-03-11
94052,2017-03-12
134959,2017-03-13
143420,2017-03-14
140333,2017-03-15
138937,2017-03-16
128294,2017-03-17
87342,2017-03-18
94043,2017-03-19
137824,2017-03-20
142273,2017-03-21
140031,2017-03-22
150599,2017-03-23
129222,2017-03-24
87190,2017-03-25
92394,2017-03-26
134999,2017-03-27
142757,2017-03-28
149576,2017-03-29
143188,2017-03-30
130420,2017-03-31
88888,2017-04-01
87017,2017-04-02
129921,2017-04-03
137945,2017-04-04
141236,2017-04-05
138860,2017-04-06
127761,2017-04-07
85626,2017-04-08
89917,2017-04-09
132129,2017-04-10
135749,2017-04-11
136242,2017-04-12
128836,2017-04-13
109299,2017-04-14
82120,2017-04-15
80991,2017-04-16
120041,2017-04-17
138223,2017-04-18
138438,2017-04-19
138855,2017-04-20
130657,2017-04-21
88023,2017-04-22
91781,2017-04-23
135203,2017-04-24
138721,2017-04-25
137496,2017-04-26
133746,2017-04-27
128161,2017-04-28
81441,2017-04-29
83882,2017-04-30
110421,2017-05-01
133633,2017-05-02
137428,2017-05-03
135318,2017-05-04
131059,2017-05-05
85248,2017-05-06
86267,2017-05-07
126896,2017-05-08
138497,2017-05-09
137661,2017-05-10
137622,2017-05-11
125577,2017-05-12
83915,2017-05-13
84276,2017-05-14
128914,2017-05-15
134752,2017-05-16
130951,2017-05-17
128013,2017-05-18
126280,2017-05-19
85046,2017-05-20
83664,2017-05-21
129002,2017-05-22
130253,2017-05-23
132441,2017-05-24
120011,2017-05-25
119882,2017-05-26
81247,2017-05-27
77195,2017-05-28
115671,2017-05-29
126545,2017-05-30
138183,2017-05-31
130526,2017-06-01
126928,2017-06-02
78929,2017-06-03
84786,2017-06-04
121271,2017-06-05
129639,2017-06-06
135531,2017-06-07
129052,2017-06-08
118416,2017-06-09
81788,2017-06-10
81498,2017-06-11
121122,2017-06-12
134493,2017-06-13
131837,2017-06-14
129180,2017-06-15
117198,2017-06-16
78329,2017-06-17
77334,2017-06-18
123535,2017-06-19
126632,2017-06-20
126228,2017-06-21
126422,2017-06-22
115770,2017-06-23
73863,2017-06-24
80369,2017-06-25
115638,2017-06-26
121893,2017-06-27
125502,2017-06-28
122897,2017-06-29
113950,2017-06-30
71770,2017-07-01
75988,2017-07-02
111772,2017-07-03
107425,2017-07-04
122412,2017-07-05
120593,2017-07-06
113371,2017-07-07
75696,2017-07-08
75230,2017-07-09
116053,2017-07-10
122205,2017-07-11
120081,2017-07-12
120956,2017-07-13
109815,2017-07-14
76728,2017-07-15
79623,2017-07-16
117590,2017-07-17
124931,2017-07-18
123853,2017-07-19
120898,2017-07-20
111410,2017-07-21
76731,2017-07-22
78884,2017-07-23
119990,2017-07-24
133488,2017-07-25
125063,2017-07-26
125056,2017-07-27
116609,2017-07-28
79527,2017-07-29
82342,2017-07-30
116600,2017-07-31
123683,2017-08-01
122264,2017-08-02
119225,2017-08-03
112843,2017-08-04
74850,2017-08-05
78532,2017-08-06
114553,2017-08-07
124776,2017-08-08
119022,2017-08-09
119462,2017-08-10
114639,2017-08-11
73344,2017-08-12
77647,2017-08-13
110835,2017-08-14
115721,2017-08-15
118270,2017-08-16
114687,2017-08-17
113793,2017-08-18
74150,2017-08-19
77349,2017-08-20
107846,2017-08-21
121789,2017-08-22
117422,2017-08-23
115581,2017-08-24
108834,2017-08-25
77320,2017-08-26
76554,2017-08-27
112159,2017-08-28
120848,2017-08-29
121972,2017-08-30
122065,2017-08-31
109825,2017-09-01
70677,2017-09-02
79169,2017-09-03
104070,2017-09-04
118165,2017-09-05
118562,2017-09-06
117114,2017-09-07
113073,2017-09-08
78495,2017-09-09
82554,2017-09-10
116915,2017-09-11
124227,2017-09-12
118728,2017-09-13
119140,2017-09-14
116157,2017-09-15
77326,2017-09-16
83508,2017-09-17
117909,2017-09-18
123536,2017-09-19
122725,2017-09-20
122040,2017-09-21
111905,2017-09-22
81426,2017-09-23
82678,2017-09-24
119782,2017-09-25
126242,2017-09-26
125059,2017-09-27
123198,2017-09-28
114622,2017-09-29
83862,2017-09-30
81077,2017-10-01
115833,2017-10-02
120864,2017-10-03
121351,2017-10-04
119817,2017-10-05
118256,2017-10-06
82890,2017-10-07
91576,2017-10-08
122788,2017-10-09
130206,2017-10-10
129398,2017-10-11
124299,2017-10-12
116897,2017-10-13
80151,2017-10-14
87218,2017-10-15
121629,2017-10-16
126940,2017-10-17
126034,2017-10-18
126144,2017-10-19
119408,2017-10-20
85616,2017-10-21
91643,2017-10-22
127621,2017-10-23
125807,2017-10-24
126782,2017-10-25
125051,2017-10-26
117356,2017-10-27
83146,2017-10-28
93139,2017-10-29
124394,2017-10-30
119892,2017-10-31
116918,2017-11-01
105910,2017-11-02
96489,2017-11-03
65868,2017-11-04
68341,2017-11-05
100629,2017-11-06
101787,2017-11-07
103003,2017-11-08
98564,2017-11-09
93273,2017-11-10
67074,2017-11-11
65436,2017-11-12
93394,2017-11-13
99003,2017-11-14
93440,2017-11-15
92663,2017-11-16
88521,2017-11-17
59659,2017-11-18
60981,2017-11-19
90226,2017-11-20
95118,2017-11-21
89963,2017-11-22
79902,2017-11-23
72485,2017-11-24
53133,2017-11-25
57272,2017-11-26
89352,2017-11-27
87784,2017-11-28
91820,2017-11-29
89027,2017-11-30
85180,2017-12-01
54314,2017-12-02
59833,2017-12-03
85923,2017-12-04
86751,2017-12-05
83459,2017-12-06
82022,2017-12-07
75129,2017-12-08
55571,2017-12-09
51544,2017-12-10
82138,2017-12-11
82853,2017-12-12
82070,2017-12-13
82000,2017-12-14
77253,2017-12-15
48059,2017-12-16
50094,2017-12-17
76746,2017-12-18
79560,2017-12-19
78100,2017-12-20
73917,2017-12-21
63888,2017-12-22
51316,2017-12-23
39888,2017-12-24
39750,2017-12-25
50787,2017-12-26
58854,2017-12-27
64262,2017-12-28
60190,2017-12-29
46714,2017-12-30
41766,2017-12-31
